,SeqSple,Accession,lib_type,total_reads,t7_reads,t7_normalized_reads,ecoli_reads,ecoli_normalized_reads,ecoli_coverage,Human,Bacteria,Virus,Parasite,Fungus,Unclassified,DNAse,Organism
0,200119-2-1-IDBD-D101312-d-13-AH2N3HAFX2-ACATATCCAG-ATTGCACATA-5e25ff83,IDBD-D101312,dna,3084100,1946.0,6309.78243247625,6020,19519.470834279044,0.0,6289971.142310562,2151058.655685613,6844.784540060309,145786.45309814854,1731.4613663629584,1404607.5029992543,Thermo,E.coli
1,200119-2-1-IDBD-D101312-r-13-AH2N3HAFX2-ATGGTTGACT-AGGACAGGCC-5e25ff83,IDBD-D101312,rna,3084100,0.0,0.0,0,0.0,1.0,,,,,,,Thermo,E.coli
2,200119-2-1-IDBD-D101313-d-14-AH2N3HAFX2-TCATAGATTG-CACCTTAATC-5e25ff83,IDBD-D101313,dna,2982434,1727.0,5790.572398249215,7898,26481.725999636543,0.0,6106653.1564487275,2406748.98421893,6327.046969019264,123908.86101754472,1606.0707462428338,1354755.8805995372,Thermo,E.coli
3,200119-2-1-IDBD-D101313-r-14-AH2N3HAFX2-TATTGCGCTC-CCTAACACAG-5e25ff83,IDBD-D101313,rna,2982434,0.0,0.0,0,0.0,1.0,,,,,,,Thermo,E.coli
4,200119-2-1-IDBD-D101314-d-15-AH2N3HAFX2-GTATTCCACC-TTGTCTACAT-5e25ff83,IDBD-D101314,dna,2080706,457.0,2196.3698859906203,4114,19772.135034935258,0.0,6446364.83962655,1365084.735661838,2350.163838620161,256696.52512176157,1441.818305901939,1928061.9174453288,Sigma,E.coli
5,200119-2-1-IDBD-D101314-r-15-AH2N3HAFX2-ACGCCTTGTT-ACGTTCCTTA-5e25ff83,IDBD-D101314,rna,2080706,0.0,0.0,0,0.0,1.0,,,,,,,Sigma,E.coli
